requestYear,Rest average,P20 average
2002,14.46566121,1.142604458
2005,15.34540878,1.299953907
2008,16.48355937,1.3939324
2010,16.80468268,1.482781604
2011,17.06705504,1.574130543
2012,17.33319149,1.625140877
2013,17.71558656,1.717253748
2015,18.37877265,1.806328576
