RequestYear,income.group,group.poor.pop,total.poor.pop,share.of.poor
2010,UMIC,188380990.866496,1069006884.77678,0.17622055905265
2010,LMIC,614625512.142732,1069006884.77678,0.574950003498877
2010,HIC,5986650.00587508,1069006884.77678,0.0056001978014624
2010,LIC,260013731.761676,1069006884.77678,0.243229239647011
2015,UMIC,43909315.6798867,720457275.075439,0.0609464533136805
2015,LMIC,398154533.029526,720457275.075439,0.552641422057728
2015,HIC,7151925.41288109,720457275.075439,0.0099269251075745
2015,LIC,271241500.953145,720457275.075439,0.376485199521017
